,Filename,Brand Name,Label
0,E:\LiveProject\Deep_Learning\logo-data-scraping-processing-main\logo-data-scraping-processing-main\Adidas\000001.jpg,E:\LiveProject\Deep_Learning\logo-data-scraping-processing-main\logo-data-scraping-processing-main\Adidas,Genuine
1,E:\LiveProject\Deep_Learning\logo-data-scraping-processing-main\logo-data-scraping-processing-main\Adidas\000002.jpg,E:\LiveProject\Deep_Learning\logo-data-scraping-processing-main\logo-data-scraping-processing-main\Adidas,Genuine
2,E:\LiveProject\Deep_Learning\logo-data-scraping-processing-main\logo-data-scraping-processing-main\Adidas\000003.jpg,E:\LiveProject\Deep_Learning\logo-data-scraping-processing-main\logo-data-scraping-processing-main\Adidas,Genuine
3,E:\LiveProject\Deep_Learning\logo-data-scraping-processing-main\logo-data-scraping-processing-main\Adidas\000004.jpg,E:\LiveProject\Deep_Learning\logo-data-scraping-processing-main\logo-data-scraping-processing-main\Adidas,Genuine
4,E:\LiveProject\Deep_Learning\logo-data-scraping-processing-main\logo-data-scraping-processing-main\Adidas\000005.jpg,E:\LiveProject\Deep_Learning\logo-data-scraping-processing-main\logo-data-scraping-processing-main\Adidas,Genuine
5,E:\LiveProject\Deep_Learning\logo-data-scraping-processing-main\logo-data-scraping-processing-main\Amazon\000001.jpg,E:\LiveProject\Deep_Learning\logo-data-scraping-processing-main\logo-data-scraping-processing-main\Amazon,Genuine
6,E:\LiveProject\Deep_Learning\logo-data-scraping-processing-main\logo-data-scraping-processing-main\Amazon\000002.jpg,E:\LiveProject\Deep_Learning\logo-data-scraping-processing-main\logo-data-scraping-processing-main\Amazon,Genuine
7,E:\LiveProject\Deep_Learning\logo-data-scraping-processing-main\logo-data-scraping-processing-main\Amazon\000003.jpg,E:\LiveProject\Deep_Learning\logo-data-scraping-processing-main\logo-data-scraping-processing-main\Amazon,Genuine
8,E:\LiveProject\Deep_Learning\logo-data-scraping-processing-main\logo-data-scraping-processing-main\Amazon\000004.jpg,E:\LiveProject\Deep_Learning\logo-data-scraping-processing-main\logo-data-scraping-processing-main\Amazon,Genuine
9,E:\LiveProject\Deep_Learning\logo-data-scraping-processing-main\logo-data-scraping-processing-main\Amazon\000005.jpg,E:\LiveProject\Deep_Learning\logo-data-scraping-processing-main\logo-data-scraping-processing-main\Amazon,Genuine
10,E:\LiveProject\Deep_Learning\logo-data-scraping-processing-main\logo-data-scraping-processing-main\Android\000001.jpg,E:\LiveProject\Deep_Learning\logo-data-scraping-processing-main\logo-data-scraping-processing-main\Android,Genuine
11,E:\LiveProject\Deep_Learning\logo-data-scraping-processing-main\logo-data-scraping-processing-main\Android\000002.jpg,E:\LiveProject\Deep_Learning\logo-data-scraping-processing-main\logo-data-scraping-processing-main\Android,Genuine
12,E:\LiveProject\Deep_Learning\logo-data-scraping-processing-main\logo-data-scraping-processing-main\Android\000003.jpg,E:\LiveProject\Deep_Learning\logo-data-scraping-processing-main\logo-data-scraping-processing-main\Android,Genuine
13,E:\LiveProject\Deep_Learning\logo-data-scraping-processing-main\logo-data-scraping-processing-main\Android\000004.jpg,E:\LiveProject\Deep_Learning\logo-data-scraping-processing-main\logo-data-scraping-processing-main\Android,Genuine
14,E:\LiveProject\Deep_Learning\logo-data-scraping-processing-main\logo-data-scraping-processing-main\Android\000005.jpg,E:\LiveProject\Deep_Learning\logo-data-scraping-processing-main\logo-data-scraping-processing-main\Android,Genuine
15,E:\LiveProject\Deep_Learning\logo-data-scraping-processing-main\logo-data-scraping-processing-main\Apple\000001.jpg,E:\LiveProject\Deep_Learning\logo-data-scraping-processing-main\logo-data-scraping-processing-main\Apple,Genuine
16,E:\LiveProject\Deep_Learning\logo-data-scraping-processing-main\logo-data-scraping-processing-main\Apple\000002.jpg,E:\LiveProject\Deep_Learning\logo-data-scraping-processing-main\logo-data-scraping-processing-main\Apple,Genuine
17,E:\LiveProject\Deep_Learning\logo-data-scraping-processing-main\logo-data-scraping-processing-main\Apple\000003.jpg,E:\LiveProject\Deep_Learning\logo-data-scraping-processing-main\logo-data-scraping-processing-main\Apple,Genuine
18,E:\LiveProject\Deep_Learning\logo-data-scraping-processing-main\logo-data-scraping-processing-main\Apple\000004.jpg,E:\LiveProject\Deep_Learning\logo-data-scraping-processing-main\logo-data-scraping-processing-main\Apple,Genuine
19,E:\LiveProject\Deep_Learning\logo-data-scraping-processing-main\logo-data-scraping-processing-main\Apple\000005.jpg,E:\LiveProject\Deep_Learning\logo-data-scraping-processing-main\logo-data-scraping-processing-main\Apple,Genuine
20,E:\LiveProject\Deep_Learning\logo-data-scraping-processing-main\logo-data-scraping-processing-main\Ariel\000001.jpg,E:\LiveProject\Deep_Learning\logo-data-scraping-processing-main\logo-data-scraping-processing-main\Ariel,Genuine
21,E:\LiveProject\Deep_Learning\logo-data-scraping-processing-main\logo-data-scraping-processing-main\Ariel\000002.jpg,E:\LiveProject\Deep_Learning\logo-data-scraping-processing-main\logo-data-scraping-processing-main\Ariel,Genuine
22,E:\LiveProject\Deep_Learning\logo-data-scraping-processing-main\logo-data-scraping-processing-main\Ariel\000005.jpg,E:\LiveProject\Deep_Learning\logo-data-scraping-processing-main\logo-data-scraping-processing-main\Ariel,Genuine
23,E:\LiveProject\Deep_Learning\logo-data-scraping-processing-main\logo-data-scraping-processing-main\Bic\000001.jpg,E:\LiveProject\Deep_Learning\logo-data-scraping-processing-main\logo-data-scraping-processing-main\Bic,Genuine
24,E:\LiveProject\Deep_Learning\logo-data-scraping-processing-main\logo-data-scraping-processing-main\Bic\000002.jpg,E:\LiveProject\Deep_Learning\logo-data-scraping-processing-main\logo-data-scraping-processing-main\Bic,Genuine
25,E:\LiveProject\Deep_Learning\logo-data-scraping-processing-main\logo-data-scraping-processing-main\Bic\000003.jpg,E:\LiveProject\Deep_Learning\logo-data-scraping-processing-main\logo-data-scraping-processing-main\Bic,Genuine
26,E:\LiveProject\Deep_Learning\logo-data-scraping-processing-main\logo-data-scraping-processing-main\Bic\000004.jpg,E:\LiveProject\Deep_Learning\logo-data-scraping-processing-main\logo-data-scraping-processing-main\Bic,Genuine
27,E:\LiveProject\Deep_Learning\logo-data-scraping-processing-main\logo-data-scraping-processing-main\Bic\000005.jpg,E:\LiveProject\Deep_Learning\logo-data-scraping-processing-main\logo-data-scraping-processing-main\Bic,Genuine
28,E:\LiveProject\Deep_Learning\logo-data-scraping-processing-main\logo-data-scraping-processing-main\BMW\000001.jpg,E:\LiveProject\Deep_Learning\logo-data-scraping-processing-main\logo-data-scraping-processing-main\BMW,Genuine
29,E:\LiveProject\Deep_Learning\logo-data-scraping-processing-main\logo-data-scraping-processing-main\BMW\000003.jpg,E:\LiveProject\Deep_Learning\logo-data-scraping-processing-main\logo-data-scraping-processing-main\BMW,Genuine
30,E:\LiveProject\Deep_Learning\logo-data-scraping-processing-main\logo-data-scraping-processing-main\BMW\000004.jpg,E:\LiveProject\Deep_Learning\logo-data-scraping-processing-main\logo-data-scraping-processing-main\BMW,Genuine
31,E:\LiveProject\Deep_Learning\logo-data-scraping-processing-main\logo-data-scraping-processing-main\BMW\000005.jpg,E:\LiveProject\Deep_Learning\logo-data-scraping-processing-main\logo-data-scraping-processing-main\BMW,Genuine
32,E:\LiveProject\Deep_Learning\logo-data-scraping-processing-main\logo-data-scraping-processing-main\Burger King\000002.jpg,E:\LiveProject\Deep_Learning\logo-data-scraping-processing-main\logo-data-scraping-processing-main\Burger King,Genuine
33,E:\LiveProject\Deep_Learning\logo-data-scraping-processing-main\logo-data-scraping-processing-main\Burger King\000003.jpg,E:\LiveProject\Deep_Learning\logo-data-scraping-processing-main\logo-data-scraping-processing-main\Burger King,Genuine
34,E:\LiveProject\Deep_Learning\logo-data-scraping-processing-main\logo-data-scraping-processing-main\Burger King\000004.jpg,E:\LiveProject\Deep_Learning\logo-data-scraping-processing-main\logo-data-scraping-processing-main\Burger King,Genuine
35,E:\LiveProject\Deep_Learning\logo-data-scraping-processing-main\logo-data-scraping-processing-main\Burger King\000005.jpg,E:\LiveProject\Deep_Learning\logo-data-scraping-processing-main\logo-data-scraping-processing-main\Burger King,Genuine
36,E:\LiveProject\Deep_Learning\logo-data-scraping-processing-main\logo-data-scraping-processing-main\Cadbury\000001.jpg,E:\LiveProject\Deep_Learning\logo-data-scraping-processing-main\logo-data-scraping-processing-main\Cadbury,Genuine
37,E:\LiveProject\Deep_Learning\logo-data-scraping-processing-main\logo-data-scraping-processing-main\Cadbury\000002.jpg,E:\LiveProject\Deep_Learning\logo-data-scraping-processing-main\logo-data-scraping-processing-main\Cadbury,Genuine
38,E:\LiveProject\Deep_Learning\logo-data-scraping-processing-main\logo-data-scraping-processing-main\Cadbury\000003.jpg,E:\LiveProject\Deep_Learning\logo-data-scraping-processing-main\logo-data-scraping-processing-main\Cadbury,Genuine
39,E:\LiveProject\Deep_Learning\logo-data-scraping-processing-main\logo-data-scraping-processing-main\Cadbury\000004.jpg,E:\LiveProject\Deep_Learning\logo-data-scraping-processing-main\logo-data-scraping-processing-main\Cadbury,Genuine
40,E:\LiveProject\Deep_Learning\logo-data-scraping-processing-main\logo-data-scraping-processing-main\Chevrolet\000001.jpg,E:\LiveProject\Deep_Learning\logo-data-scraping-processing-main\logo-data-scraping-processing-main\Chevrolet,Genuine
41,E:\LiveProject\Deep_Learning\logo-data-scraping-processing-main\logo-data-scraping-processing-main\Chevrolet\000002.jpg,E:\LiveProject\Deep_Learning\logo-data-scraping-processing-main\logo-data-scraping-processing-main\Chevrolet,Genuine
42,E:\LiveProject\Deep_Learning\logo-data-scraping-processing-main\logo-data-scraping-processing-main\Chevrolet\000003.jpg,E:\LiveProject\Deep_Learning\logo-data-scraping-processing-main\logo-data-scraping-processing-main\Chevrolet,Genuine
43,E:\LiveProject\Deep_Learning\logo-data-scraping-processing-main\logo-data-scraping-processing-main\Chevrolet\000004.jpg,E:\LiveProject\Deep_Learning\logo-data-scraping-processing-main\logo-data-scraping-processing-main\Chevrolet,Genuine
44,E:\LiveProject\Deep_Learning\logo-data-scraping-processing-main\logo-data-scraping-processing-main\Chevrolet\000005.jpg,E:\LiveProject\Deep_Learning\logo-data-scraping-processing-main\logo-data-scraping-processing-main\Chevrolet,Genuine
45,E:\LiveProject\Deep_Learning\logo-data-scraping-processing-main\logo-data-scraping-processing-main\Chrome\000001.jpg,E:\LiveProject\Deep_Learning\logo-data-scraping-processing-main\logo-data-scraping-processing-main\Chrome,Genuine
46,E:\LiveProject\Deep_Learning\logo-data-scraping-processing-main\logo-data-scraping-processing-main\Chrome\000002.jpg,E:\LiveProject\Deep_Learning\logo-data-scraping-processing-main\logo-data-scraping-processing-main\Chrome,Genuine
47,E:\LiveProject\Deep_Learning\logo-data-scraping-processing-main\logo-data-scraping-processing-main\Chrome\000003.jpg,E:\LiveProject\Deep_Learning\logo-data-scraping-processing-main\logo-data-scraping-processing-main\Chrome,Genuine
48,E:\LiveProject\Deep_Learning\logo-data-scraping-processing-main\logo-data-scraping-processing-main\Chrome\000004.jpg,E:\LiveProject\Deep_Learning\logo-data-scraping-processing-main\logo-data-scraping-processing-main\Chrome,Genuine
49,E:\LiveProject\Deep_Learning\logo-data-scraping-processing-main\logo-data-scraping-processing-main\Chrome\000005.jpg,E:\LiveProject\Deep_Learning\logo-data-scraping-processing-main\logo-data-scraping-processing-main\Chrome,Genuine
50,E:\LiveProject\Deep_Learning\logo-data-scraping-processing-main\logo-data-scraping-processing-main\Coca Cola\000001.jpg,E:\LiveProject\Deep_Learning\logo-data-scraping-processing-main\logo-data-scraping-processing-main\Coca Cola,Genuine
51,E:\LiveProject\Deep_Learning\logo-data-scraping-processing-main\logo-data-scraping-processing-main\Coca Cola\000003.jpg,E:\LiveProject\Deep_Learning\logo-data-scraping-processing-main\logo-data-scraping-processing-main\Coca Cola,Genuine
52,E:\LiveProject\Deep_Learning\logo-data-scraping-processing-main\logo-data-scraping-processing-main\Coca Cola\000004.jpg,E:\LiveProject\Deep_Learning\logo-data-scraping-processing-main\logo-data-scraping-processing-main\Coca Cola,Genuine
53,E:\LiveProject\Deep_Learning\logo-data-scraping-processing-main\logo-data-scraping-processing-main\Coca Cola\000005.jpg,E:\LiveProject\Deep_Learning\logo-data-scraping-processing-main\logo-data-scraping-processing-main\Coca Cola,Genuine
54,E:\LiveProject\Deep_Learning\logo-data-scraping-processing-main\logo-data-scraping-processing-main\Cowbell\000001.jpg,E:\LiveProject\Deep_Learning\logo-data-scraping-processing-main\logo-data-scraping-processing-main\Cowbell,Genuine
55,E:\LiveProject\Deep_Learning\logo-data-scraping-processing-main\logo-data-scraping-processing-main\Cowbell\000002.jpg,E:\LiveProject\Deep_Learning\logo-data-scraping-processing-main\logo-data-scraping-processing-main\Cowbell,Genuine
56,E:\LiveProject\Deep_Learning\logo-data-scraping-processing-main\logo-data-scraping-processing-main\Cowbell\000003.jpg,E:\LiveProject\Deep_Learning\logo-data-scraping-processing-main\logo-data-scraping-processing-main\Cowbell,Genuine
57,E:\LiveProject\Deep_Learning\logo-data-scraping-processing-main\logo-data-scraping-processing-main\Dominos\000001.jpg,E:\LiveProject\Deep_Learning\logo-data-scraping-processing-main\logo-data-scraping-processing-main\Dominos,Genuine
58,E:\LiveProject\Deep_Learning\logo-data-scraping-processing-main\logo-data-scraping-processing-main\Dominos\000002.jpg,E:\LiveProject\Deep_Learning\logo-data-scraping-processing-main\logo-data-scraping-processing-main\Dominos,Genuine
59,E:\LiveProject\Deep_Learning\logo-data-scraping-processing-main\logo-data-scraping-processing-main\Dominos\000003.jpg,E:\LiveProject\Deep_Learning\logo-data-scraping-processing-main\logo-data-scraping-processing-main\Dominos,Genuine
60,E:\LiveProject\Deep_Learning\logo-data-scraping-processing-main\logo-data-scraping-processing-main\Dominos\000004.jpg,E:\LiveProject\Deep_Learning\logo-data-scraping-processing-main\logo-data-scraping-processing-main\Dominos,Genuine
61,E:\LiveProject\Deep_Learning\logo-data-scraping-processing-main\logo-data-scraping-processing-main\Fila\000001.jpg,E:\LiveProject\Deep_Learning\logo-data-scraping-processing-main\logo-data-scraping-processing-main\Fila,Genuine
62,E:\LiveProject\Deep_Learning\logo-data-scraping-processing-main\logo-data-scraping-processing-main\Fila\000002.jpg,E:\LiveProject\Deep_Learning\logo-data-scraping-processing-main\logo-data-scraping-processing-main\Fila,Genuine
63,E:\LiveProject\Deep_Learning\logo-data-scraping-processing-main\logo-data-scraping-processing-main\Fila\000003.jpg,E:\LiveProject\Deep_Learning\logo-data-scraping-processing-main\logo-data-scraping-processing-main\Fila,Genuine
64,E:\LiveProject\Deep_Learning\logo-data-scraping-processing-main\logo-data-scraping-processing-main\Fila\000004.jpg,E:\LiveProject\Deep_Learning\logo-data-scraping-processing-main\logo-data-scraping-processing-main\Fila,Genuine
65,E:\LiveProject\Deep_Learning\logo-data-scraping-processing-main\logo-data-scraping-processing-main\Fila\000005.jpg,E:\LiveProject\Deep_Learning\logo-data-scraping-processing-main\logo-data-scraping-processing-main\Fila,Genuine
66,E:\LiveProject\Deep_Learning\logo-data-scraping-processing-main\logo-data-scraping-processing-main\Gillette\000001.jpg,E:\LiveProject\Deep_Learning\logo-data-scraping-processing-main\logo-data-scraping-processing-main\Gillette,Genuine
67,E:\LiveProject\Deep_Learning\logo-data-scraping-processing-main\logo-data-scraping-processing-main\Gillette\000002.jpg,E:\LiveProject\Deep_Learning\logo-data-scraping-processing-main\logo-data-scraping-processing-main\Gillette,Genuine
68,E:\LiveProject\Deep_Learning\logo-data-scraping-processing-main\logo-data-scraping-processing-main\Gillette\000003.jpg,E:\LiveProject\Deep_Learning\logo-data-scraping-processing-main\logo-data-scraping-processing-main\Gillette,Genuine
69,E:\LiveProject\Deep_Learning\logo-data-scraping-processing-main\logo-data-scraping-processing-main\Gillette\000004.jpg,E:\LiveProject\Deep_Learning\logo-data-scraping-processing-main\logo-data-scraping-processing-main\Gillette,Genuine
70,E:\LiveProject\Deep_Learning\logo-data-scraping-processing-main\logo-data-scraping-processing-main\Gillette\000005.jpg,E:\LiveProject\Deep_Learning\logo-data-scraping-processing-main\logo-data-scraping-processing-main\Gillette,Genuine
71,E:\LiveProject\Deep_Learning\logo-data-scraping-processing-main\logo-data-scraping-processing-main\Google\000001.jpg,E:\LiveProject\Deep_Learning\logo-data-scraping-processing-main\logo-data-scraping-processing-main\Google,Genuine
72,E:\LiveProject\Deep_Learning\logo-data-scraping-processing-main\logo-data-scraping-processing-main\Google\000002.jpg,E:\LiveProject\Deep_Learning\logo-data-scraping-processing-main\logo-data-scraping-processing-main\Google,Genuine
73,E:\LiveProject\Deep_Learning\logo-data-scraping-processing-main\logo-data-scraping-processing-main\Google\000003.jpg,E:\LiveProject\Deep_Learning\logo-data-scraping-processing-main\logo-data-scraping-processing-main\Google,Genuine
74,E:\LiveProject\Deep_Learning\logo-data-scraping-processing-main\logo-data-scraping-processing-main\Google\000004.jpg,E:\LiveProject\Deep_Learning\logo-data-scraping-processing-main\logo-data-scraping-processing-main\Google,Genuine
75,E:\LiveProject\Deep_Learning\logo-data-scraping-processing-main\logo-data-scraping-processing-main\Google\000005.jpg,E:\LiveProject\Deep_Learning\logo-data-scraping-processing-main\logo-data-scraping-processing-main\Google,Genuine
76,E:\LiveProject\Deep_Learning\logo-data-scraping-processing-main\logo-data-scraping-processing-main\Goya oil\000001.jpg,E:\LiveProject\Deep_Learning\logo-data-scraping-processing-main\logo-data-scraping-processing-main\Goya oil,Genuine
77,E:\LiveProject\Deep_Learning\logo-data-scraping-processing-main\logo-data-scraping-processing-main\Goya oil\000002.jpg,E:\LiveProject\Deep_Learning\logo-data-scraping-processing-main\logo-data-scraping-processing-main\Goya oil,Genuine
78,E:\LiveProject\Deep_Learning\logo-data-scraping-processing-main\logo-data-scraping-processing-main\Goya oil\000003.jpg,E:\LiveProject\Deep_Learning\logo-data-scraping-processing-main\logo-data-scraping-processing-main\Goya oil,Genuine
79,E:\LiveProject\Deep_Learning\logo-data-scraping-processing-main\logo-data-scraping-processing-main\Guinness\000001.jpg,E:\LiveProject\Deep_Learning\logo-data-scraping-processing-main\logo-data-scraping-processing-main\Guinness,Genuine
80,E:\LiveProject\Deep_Learning\logo-data-scraping-processing-main\logo-data-scraping-processing-main\Guinness\000002.jpg,E:\LiveProject\Deep_Learning\logo-data-scraping-processing-main\logo-data-scraping-processing-main\Guinness,Genuine
81,E:\LiveProject\Deep_Learning\logo-data-scraping-processing-main\logo-data-scraping-processing-main\Guinness\000003.jpg,E:\LiveProject\Deep_Learning\logo-data-scraping-processing-main\logo-data-scraping-processing-main\Guinness,Genuine
82,E:\LiveProject\Deep_Learning\logo-data-scraping-processing-main\logo-data-scraping-processing-main\Guinness\000004.jpg,E:\LiveProject\Deep_Learning\logo-data-scraping-processing-main\logo-data-scraping-processing-main\Guinness,Genuine
83,E:\LiveProject\Deep_Learning\logo-data-scraping-processing-main\logo-data-scraping-processing-main\Guinness\000005.jpg,E:\LiveProject\Deep_Learning\logo-data-scraping-processing-main\logo-data-scraping-processing-main\Guinness,Genuine
84,E:\LiveProject\Deep_Learning\logo-data-scraping-processing-main\logo-data-scraping-processing-main\Heinz\000001.jpg,E:\LiveProject\Deep_Learning\logo-data-scraping-processing-main\logo-data-scraping-processing-main\Heinz,Genuine
85,E:\LiveProject\Deep_Learning\logo-data-scraping-processing-main\logo-data-scraping-processing-main\Heinz\000002.jpg,E:\LiveProject\Deep_Learning\logo-data-scraping-processing-main\logo-data-scraping-processing-main\Heinz,Genuine
86,E:\LiveProject\Deep_Learning\logo-data-scraping-processing-main\logo-data-scraping-processing-main\Heinz\000003.jpg,E:\LiveProject\Deep_Learning\logo-data-scraping-processing-main\logo-data-scraping-processing-main\Heinz,Genuine
87,E:\LiveProject\Deep_Learning\logo-data-scraping-processing-main\logo-data-scraping-processing-main\Heinz\000004.jpg,E:\LiveProject\Deep_Learning\logo-data-scraping-processing-main\logo-data-scraping-processing-main\Heinz,Genuine
88,E:\LiveProject\Deep_Learning\logo-data-scraping-processing-main\logo-data-scraping-processing-main\Heinz\000005.jpg,E:\LiveProject\Deep_Learning\logo-data-scraping-processing-main\logo-data-scraping-processing-main\Heinz,Genuine
89,E:\LiveProject\Deep_Learning\logo-data-scraping-processing-main\logo-data-scraping-processing-main\Honda\000001.jpg,E:\LiveProject\Deep_Learning\logo-data-scraping-processing-main\logo-data-scraping-processing-main\Honda,Genuine
90,E:\LiveProject\Deep_Learning\logo-data-scraping-processing-main\logo-data-scraping-processing-main\Honda\000002.jpg,E:\LiveProject\Deep_Learning\logo-data-scraping-processing-main\logo-data-scraping-processing-main\Honda,Genuine
91,E:\LiveProject\Deep_Learning\logo-data-scraping-processing-main\logo-data-scraping-processing-main\Honda\000003.jpg,E:\LiveProject\Deep_Learning\logo-data-scraping-processing-main\logo-data-scraping-processing-main\Honda,Genuine
92,E:\LiveProject\Deep_Learning\logo-data-scraping-processing-main\logo-data-scraping-processing-main\Honda\000004.jpg,E:\LiveProject\Deep_Learning\logo-data-scraping-processing-main\logo-data-scraping-processing-main\Honda,Genuine
93,E:\LiveProject\Deep_Learning\logo-data-scraping-processing-main\logo-data-scraping-processing-main\Hp\000001.jpg,E:\LiveProject\Deep_Learning\logo-data-scraping-processing-main\logo-data-scraping-processing-main\Hp,Genuine
94,E:\LiveProject\Deep_Learning\logo-data-scraping-processing-main\logo-data-scraping-processing-main\Hp\000002.jpg,E:\LiveProject\Deep_Learning\logo-data-scraping-processing-main\logo-data-scraping-processing-main\Hp,Genuine
95,E:\LiveProject\Deep_Learning\logo-data-scraping-processing-main\logo-data-scraping-processing-main\Hp\000003.jpg,E:\LiveProject\Deep_Learning\logo-data-scraping-processing-main\logo-data-scraping-processing-main\Hp,Genuine
96,E:\LiveProject\Deep_Learning\logo-data-scraping-processing-main\logo-data-scraping-processing-main\Hp\000004.jpg,E:\LiveProject\Deep_Learning\logo-data-scraping-processing-main\logo-data-scraping-processing-main\Hp,Genuine
97,E:\LiveProject\Deep_Learning\logo-data-scraping-processing-main\logo-data-scraping-processing-main\Hp\000005.jpg,E:\LiveProject\Deep_Learning\logo-data-scraping-processing-main\logo-data-scraping-processing-main\Hp,Genuine
98,E:\LiveProject\Deep_Learning\logo-data-scraping-processing-main\logo-data-scraping-processing-main\Huawei\000001.jpg,E:\LiveProject\Deep_Learning\logo-data-scraping-processing-main\logo-data-scraping-processing-main\Huawei,Genuine
99,E:\LiveProject\Deep_Learning\logo-data-scraping-processing-main\logo-data-scraping-processing-main\Huawei\000002.jpg,E:\LiveProject\Deep_Learning\logo-data-scraping-processing-main\logo-data-scraping-processing-main\Huawei,Genuine
100,E:\LiveProject\Deep_Learning\logo-data-scraping-processing-main\logo-data-scraping-processing-main\Huawei\000003.jpg,E:\LiveProject\Deep_Learning\logo-data-scraping-processing-main\logo-data-scraping-processing-main\Huawei,Genuine
101,E:\LiveProject\Deep_Learning\logo-data-scraping-processing-main\logo-data-scraping-processing-main\Huawei\000004.jpg,E:\LiveProject\Deep_Learning\logo-data-scraping-processing-main\logo-data-scraping-processing-main\Huawei,Genuine
102,E:\LiveProject\Deep_Learning\logo-data-scraping-processing-main\logo-data-scraping-processing-main\Huawei\000005.jpg,E:\LiveProject\Deep_Learning\logo-data-scraping-processing-main\logo-data-scraping-processing-main\Huawei,Genuine
103,E:\LiveProject\Deep_Learning\logo-data-scraping-processing-main\logo-data-scraping-processing-main\Instagram\000001.jpg,E:\LiveProject\Deep_Learning\logo-data-scraping-processing-main\logo-data-scraping-processing-main\Instagram,Genuine
104,E:\LiveProject\Deep_Learning\logo-data-scraping-processing-main\logo-data-scraping-processing-main\Instagram\000002.jpg,E:\LiveProject\Deep_Learning\logo-data-scraping-processing-main\logo-data-scraping-processing-main\Instagram,Genuine
105,E:\LiveProject\Deep_Learning\logo-data-scraping-processing-main\logo-data-scraping-processing-main\Instagram\000003.jpg,E:\LiveProject\Deep_Learning\logo-data-scraping-processing-main\logo-data-scraping-processing-main\Instagram,Genuine
106,E:\LiveProject\Deep_Learning\logo-data-scraping-processing-main\logo-data-scraping-processing-main\Instagram\000004.jpg,E:\LiveProject\Deep_Learning\logo-data-scraping-processing-main\logo-data-scraping-processing-main\Instagram,Genuine
107,E:\LiveProject\Deep_Learning\logo-data-scraping-processing-main\logo-data-scraping-processing-main\Instagram\000005.jpg,E:\LiveProject\Deep_Learning\logo-data-scraping-processing-main\logo-data-scraping-processing-main\Instagram,Genuine
108,E:\LiveProject\Deep_Learning\logo-data-scraping-processing-main\logo-data-scraping-processing-main\Kfc\000001.jpg,E:\LiveProject\Deep_Learning\logo-data-scraping-processing-main\logo-data-scraping-processing-main\Kfc,Genuine
109,E:\LiveProject\Deep_Learning\logo-data-scraping-processing-main\logo-data-scraping-processing-main\Kfc\000002.jpg,E:\LiveProject\Deep_Learning\logo-data-scraping-processing-main\logo-data-scraping-processing-main\Kfc,Genuine
110,E:\LiveProject\Deep_Learning\logo-data-scraping-processing-main\logo-data-scraping-processing-main\Kfc\000003.jpg,E:\LiveProject\Deep_Learning\logo-data-scraping-processing-main\logo-data-scraping-processing-main\Kfc,Genuine
111,E:\LiveProject\Deep_Learning\logo-data-scraping-processing-main\logo-data-scraping-processing-main\Kfc\000004.jpg,E:\LiveProject\Deep_Learning\logo-data-scraping-processing-main\logo-data-scraping-processing-main\Kfc,Genuine
112,E:\LiveProject\Deep_Learning\logo-data-scraping-processing-main\logo-data-scraping-processing-main\Kfc\000005.jpg,E:\LiveProject\Deep_Learning\logo-data-scraping-processing-main\logo-data-scraping-processing-main\Kfc,Genuine
113,E:\LiveProject\Deep_Learning\logo-data-scraping-processing-main\logo-data-scraping-processing-main\Krisspy Kreme\000001.jpg,E:\LiveProject\Deep_Learning\logo-data-scraping-processing-main\logo-data-scraping-processing-main\Krisspy Kreme,Genuine
114,E:\LiveProject\Deep_Learning\logo-data-scraping-processing-main\logo-data-scraping-processing-main\Krisspy Kreme\000002.jpg,E:\LiveProject\Deep_Learning\logo-data-scraping-processing-main\logo-data-scraping-processing-main\Krisspy Kreme,Genuine
115,E:\LiveProject\Deep_Learning\logo-data-scraping-processing-main\logo-data-scraping-processing-main\Krisspy Kreme\000003.jpg,E:\LiveProject\Deep_Learning\logo-data-scraping-processing-main\logo-data-scraping-processing-main\Krisspy Kreme,Genuine
116,E:\LiveProject\Deep_Learning\logo-data-scraping-processing-main\logo-data-scraping-processing-main\Krisspy Kreme\000004.jpg,E:\LiveProject\Deep_Learning\logo-data-scraping-processing-main\logo-data-scraping-processing-main\Krisspy Kreme,Genuine
117,E:\LiveProject\Deep_Learning\logo-data-scraping-processing-main\logo-data-scraping-processing-main\Krisspy Kreme\000005.jpg,E:\LiveProject\Deep_Learning\logo-data-scraping-processing-main\logo-data-scraping-processing-main\Krisspy Kreme,Genuine
118,E:\LiveProject\Deep_Learning\logo-data-scraping-processing-main\logo-data-scraping-processing-main\Lays\000001.jpg,E:\LiveProject\Deep_Learning\logo-data-scraping-processing-main\logo-data-scraping-processing-main\Lays,Genuine
119,E:\LiveProject\Deep_Learning\logo-data-scraping-processing-main\logo-data-scraping-processing-main\Lays\000002.jpg,E:\LiveProject\Deep_Learning\logo-data-scraping-processing-main\logo-data-scraping-processing-main\Lays,Genuine
120,E:\LiveProject\Deep_Learning\logo-data-scraping-processing-main\logo-data-scraping-processing-main\Lays\000003.jpg,E:\LiveProject\Deep_Learning\logo-data-scraping-processing-main\logo-data-scraping-processing-main\Lays,Genuine
121,E:\LiveProject\Deep_Learning\logo-data-scraping-processing-main\logo-data-scraping-processing-main\Lays\000004.jpg,E:\LiveProject\Deep_Learning\logo-data-scraping-processing-main\logo-data-scraping-processing-main\Lays,Genuine
122,E:\LiveProject\Deep_Learning\logo-data-scraping-processing-main\logo-data-scraping-processing-main\Lays\000005.jpg,E:\LiveProject\Deep_Learning\logo-data-scraping-processing-main\logo-data-scraping-processing-main\Lays,Genuine
123,E:\LiveProject\Deep_Learning\logo-data-scraping-processing-main\logo-data-scraping-processing-main\Levi's\000001.jpg,E:\LiveProject\Deep_Learning\logo-data-scraping-processing-main\logo-data-scraping-processing-main\Levi's,Genuine
124,E:\LiveProject\Deep_Learning\logo-data-scraping-processing-main\logo-data-scraping-processing-main\Levi's\000002.jpg,E:\LiveProject\Deep_Learning\logo-data-scraping-processing-main\logo-data-scraping-processing-main\Levi's,Genuine
125,E:\LiveProject\Deep_Learning\logo-data-scraping-processing-main\logo-data-scraping-processing-main\Levi's\000003.jpg,E:\LiveProject\Deep_Learning\logo-data-scraping-processing-main\logo-data-scraping-processing-main\Levi's,Genuine
126,E:\LiveProject\Deep_Learning\logo-data-scraping-processing-main\logo-data-scraping-processing-main\Levi's\000004.jpg,E:\LiveProject\Deep_Learning\logo-data-scraping-processing-main\logo-data-scraping-processing-main\Levi's,Genuine
127,E:\LiveProject\Deep_Learning\logo-data-scraping-processing-main\logo-data-scraping-processing-main\Lg\000001.jpg,E:\LiveProject\Deep_Learning\logo-data-scraping-processing-main\logo-data-scraping-processing-main\Lg,Genuine
128,E:\LiveProject\Deep_Learning\logo-data-scraping-processing-main\logo-data-scraping-processing-main\Lg\000003.jpg,E:\LiveProject\Deep_Learning\logo-data-scraping-processing-main\logo-data-scraping-processing-main\Lg,Genuine
129,E:\LiveProject\Deep_Learning\logo-data-scraping-processing-main\logo-data-scraping-processing-main\Lg\000004.jpg,E:\LiveProject\Deep_Learning\logo-data-scraping-processing-main\logo-data-scraping-processing-main\Lg,Genuine
130,E:\LiveProject\Deep_Learning\logo-data-scraping-processing-main\logo-data-scraping-processing-main\Lg\000005.jpg,E:\LiveProject\Deep_Learning\logo-data-scraping-processing-main\logo-data-scraping-processing-main\Lg,Genuine
131,E:\LiveProject\Deep_Learning\logo-data-scraping-processing-main\logo-data-scraping-processing-main\Lipton\000001.jpg,E:\LiveProject\Deep_Learning\logo-data-scraping-processing-main\logo-data-scraping-processing-main\Lipton,Genuine
132,E:\LiveProject\Deep_Learning\logo-data-scraping-processing-main\logo-data-scraping-processing-main\Lipton\000002.jpg,E:\LiveProject\Deep_Learning\logo-data-scraping-processing-main\logo-data-scraping-processing-main\Lipton,Genuine
133,E:\LiveProject\Deep_Learning\logo-data-scraping-processing-main\logo-data-scraping-processing-main\Lipton\000003.jpg,E:\LiveProject\Deep_Learning\logo-data-scraping-processing-main\logo-data-scraping-processing-main\Lipton,Genuine
134,E:\LiveProject\Deep_Learning\logo-data-scraping-processing-main\logo-data-scraping-processing-main\Lipton\000005.jpg,E:\LiveProject\Deep_Learning\logo-data-scraping-processing-main\logo-data-scraping-processing-main\Lipton,Genuine
135,E:\LiveProject\Deep_Learning\logo-data-scraping-processing-main\logo-data-scraping-processing-main\M&m\000001.jpg,E:\LiveProject\Deep_Learning\logo-data-scraping-processing-main\logo-data-scraping-processing-main\M&m,Genuine
136,E:\LiveProject\Deep_Learning\logo-data-scraping-processing-main\logo-data-scraping-processing-main\M&m\000002.jpg,E:\LiveProject\Deep_Learning\logo-data-scraping-processing-main\logo-data-scraping-processing-main\M&m,Genuine
137,E:\LiveProject\Deep_Learning\logo-data-scraping-processing-main\logo-data-scraping-processing-main\M&m\000003.jpg,E:\LiveProject\Deep_Learning\logo-data-scraping-processing-main\logo-data-scraping-processing-main\M&m,Genuine
138,E:\LiveProject\Deep_Learning\logo-data-scraping-processing-main\logo-data-scraping-processing-main\M&m\000004.jpg,E:\LiveProject\Deep_Learning\logo-data-scraping-processing-main\logo-data-scraping-processing-main\M&m,Genuine
139,E:\LiveProject\Deep_Learning\logo-data-scraping-processing-main\logo-data-scraping-processing-main\Mars\000001.jpg,E:\LiveProject\Deep_Learning\logo-data-scraping-processing-main\logo-data-scraping-processing-main\Mars,Genuine
140,E:\LiveProject\Deep_Learning\logo-data-scraping-processing-main\logo-data-scraping-processing-main\Mars\000002.jpg,E:\LiveProject\Deep_Learning\logo-data-scraping-processing-main\logo-data-scraping-processing-main\Mars,Genuine
141,E:\LiveProject\Deep_Learning\logo-data-scraping-processing-main\logo-data-scraping-processing-main\Mars\000004.jpg,E:\LiveProject\Deep_Learning\logo-data-scraping-processing-main\logo-data-scraping-processing-main\Mars,Genuine
142,E:\LiveProject\Deep_Learning\logo-data-scraping-processing-main\logo-data-scraping-processing-main\Marvel\000001.jpg,E:\LiveProject\Deep_Learning\logo-data-scraping-processing-main\logo-data-scraping-processing-main\Marvel,Genuine
143,E:\LiveProject\Deep_Learning\logo-data-scraping-processing-main\logo-data-scraping-processing-main\Marvel\000002.jpg,E:\LiveProject\Deep_Learning\logo-data-scraping-processing-main\logo-data-scraping-processing-main\Marvel,Genuine
144,E:\LiveProject\Deep_Learning\logo-data-scraping-processing-main\logo-data-scraping-processing-main\Marvel\000003.jpg,E:\LiveProject\Deep_Learning\logo-data-scraping-processing-main\logo-data-scraping-processing-main\Marvel,Genuine
145,E:\LiveProject\Deep_Learning\logo-data-scraping-processing-main\logo-data-scraping-processing-main\Marvel\000004.jpg,E:\LiveProject\Deep_Learning\logo-data-scraping-processing-main\logo-data-scraping-processing-main\Marvel,Genuine
146,E:\LiveProject\Deep_Learning\logo-data-scraping-processing-main\logo-data-scraping-processing-main\Marvel\000005.jpg,E:\LiveProject\Deep_Learning\logo-data-scraping-processing-main\logo-data-scraping-processing-main\Marvel,Genuine
147,E:\LiveProject\Deep_Learning\logo-data-scraping-processing-main\logo-data-scraping-processing-main\McDonald\000001.jpg,E:\LiveProject\Deep_Learning\logo-data-scraping-processing-main\logo-data-scraping-processing-main\McDonald,Genuine
148,E:\LiveProject\Deep_Learning\logo-data-scraping-processing-main\logo-data-scraping-processing-main\McDonald\000002.jpg,E:\LiveProject\Deep_Learning\logo-data-scraping-processing-main\logo-data-scraping-processing-main\McDonald,Genuine
149,E:\LiveProject\Deep_Learning\logo-data-scraping-processing-main\logo-data-scraping-processing-main\McDonald\000003.jpg,E:\LiveProject\Deep_Learning\logo-data-scraping-processing-main\logo-data-scraping-processing-main\McDonald,Genuine
150,E:\LiveProject\Deep_Learning\logo-data-scraping-processing-main\logo-data-scraping-processing-main\McDonald\000004.jpg,E:\LiveProject\Deep_Learning\logo-data-scraping-processing-main\logo-data-scraping-processing-main\McDonald,Genuine
151,E:\LiveProject\Deep_Learning\logo-data-scraping-processing-main\logo-data-scraping-processing-main\McDonald\000005.jpg,E:\LiveProject\Deep_Learning\logo-data-scraping-processing-main\logo-data-scraping-processing-main\McDonald,Genuine
152,E:\LiveProject\Deep_Learning\logo-data-scraping-processing-main\logo-data-scraping-processing-main\Mercedes Benz\000001.jpg,E:\LiveProject\Deep_Learning\logo-data-scraping-processing-main\logo-data-scraping-processing-main\Mercedes Benz,Genuine
153,E:\LiveProject\Deep_Learning\logo-data-scraping-processing-main\logo-data-scraping-processing-main\Mercedes Benz\000002.jpg,E:\LiveProject\Deep_Learning\logo-data-scraping-processing-main\logo-data-scraping-processing-main\Mercedes Benz,Genuine
154,E:\LiveProject\Deep_Learning\logo-data-scraping-processing-main\logo-data-scraping-processing-main\Mercedes Benz\000003.jpg,E:\LiveProject\Deep_Learning\logo-data-scraping-processing-main\logo-data-scraping-processing-main\Mercedes Benz,Genuine
155,E:\LiveProject\Deep_Learning\logo-data-scraping-processing-main\logo-data-scraping-processing-main\Mercedes Benz\000005.jpg,E:\LiveProject\Deep_Learning\logo-data-scraping-processing-main\logo-data-scraping-processing-main\Mercedes Benz,Genuine
156,E:\LiveProject\Deep_Learning\logo-data-scraping-processing-main\logo-data-scraping-processing-main\Microsoft\000001.jpg,E:\LiveProject\Deep_Learning\logo-data-scraping-processing-main\logo-data-scraping-processing-main\Microsoft,Genuine
157,E:\LiveProject\Deep_Learning\logo-data-scraping-processing-main\logo-data-scraping-processing-main\Microsoft\000002.jpg,E:\LiveProject\Deep_Learning\logo-data-scraping-processing-main\logo-data-scraping-processing-main\Microsoft,Genuine
158,E:\LiveProject\Deep_Learning\logo-data-scraping-processing-main\logo-data-scraping-processing-main\Microsoft\000003.jpg,E:\LiveProject\Deep_Learning\logo-data-scraping-processing-main\logo-data-scraping-processing-main\Microsoft,Genuine
159,E:\LiveProject\Deep_Learning\logo-data-scraping-processing-main\logo-data-scraping-processing-main\Microsoft\000004.jpg,E:\LiveProject\Deep_Learning\logo-data-scraping-processing-main\logo-data-scraping-processing-main\Microsoft,Genuine
160,E:\LiveProject\Deep_Learning\logo-data-scraping-processing-main\logo-data-scraping-processing-main\Mtn\000001.jpg,E:\LiveProject\Deep_Learning\logo-data-scraping-processing-main\logo-data-scraping-processing-main\Mtn,Genuine
161,E:\LiveProject\Deep_Learning\logo-data-scraping-processing-main\logo-data-scraping-processing-main\Mtn\000002.jpg,E:\LiveProject\Deep_Learning\logo-data-scraping-processing-main\logo-data-scraping-processing-main\Mtn,Genuine
162,E:\LiveProject\Deep_Learning\logo-data-scraping-processing-main\logo-data-scraping-processing-main\Mtn\000004.jpg,E:\LiveProject\Deep_Learning\logo-data-scraping-processing-main\logo-data-scraping-processing-main\Mtn,Genuine
163,E:\LiveProject\Deep_Learning\logo-data-scraping-processing-main\logo-data-scraping-processing-main\Mtn\000005.jpg,E:\LiveProject\Deep_Learning\logo-data-scraping-processing-main\logo-data-scraping-processing-main\Mtn,Genuine
164,E:\LiveProject\Deep_Learning\logo-data-scraping-processing-main\logo-data-scraping-processing-main\Mtn dew\000001.jpg,E:\LiveProject\Deep_Learning\logo-data-scraping-processing-main\logo-data-scraping-processing-main\Mtn dew,Genuine
165,E:\LiveProject\Deep_Learning\logo-data-scraping-processing-main\logo-data-scraping-processing-main\Mtn dew\000002.jpg,E:\LiveProject\Deep_Learning\logo-data-scraping-processing-main\logo-data-scraping-processing-main\Mtn dew,Genuine
166,E:\LiveProject\Deep_Learning\logo-data-scraping-processing-main\logo-data-scraping-processing-main\Mtn dew\000003.jpg,E:\LiveProject\Deep_Learning\logo-data-scraping-processing-main\logo-data-scraping-processing-main\Mtn dew,Genuine
167,E:\LiveProject\Deep_Learning\logo-data-scraping-processing-main\logo-data-scraping-processing-main\Mtn dew\000004.jpg,E:\LiveProject\Deep_Learning\logo-data-scraping-processing-main\logo-data-scraping-processing-main\Mtn dew,Genuine
168,E:\LiveProject\Deep_Learning\logo-data-scraping-processing-main\logo-data-scraping-processing-main\Mtn dew\000005.jpg,E:\LiveProject\Deep_Learning\logo-data-scraping-processing-main\logo-data-scraping-processing-main\Mtn dew,Genuine
169,E:\LiveProject\Deep_Learning\logo-data-scraping-processing-main\logo-data-scraping-processing-main\NASA\000002.jpg,E:\LiveProject\Deep_Learning\logo-data-scraping-processing-main\logo-data-scraping-processing-main\NASA,Genuine
170,E:\LiveProject\Deep_Learning\logo-data-scraping-processing-main\logo-data-scraping-processing-main\NASA\000004.jpg,E:\LiveProject\Deep_Learning\logo-data-scraping-processing-main\logo-data-scraping-processing-main\NASA,Genuine
171,E:\LiveProject\Deep_Learning\logo-data-scraping-processing-main\logo-data-scraping-processing-main\NASA\000005.jpg,E:\LiveProject\Deep_Learning\logo-data-scraping-processing-main\logo-data-scraping-processing-main\NASA,Genuine
172,E:\LiveProject\Deep_Learning\logo-data-scraping-processing-main\logo-data-scraping-processing-main\Nescafe\000001.jpg,E:\LiveProject\Deep_Learning\logo-data-scraping-processing-main\logo-data-scraping-processing-main\Nescafe,Genuine
173,E:\LiveProject\Deep_Learning\logo-data-scraping-processing-main\logo-data-scraping-processing-main\Nescafe\000002.jpg,E:\LiveProject\Deep_Learning\logo-data-scraping-processing-main\logo-data-scraping-processing-main\Nescafe,Genuine
174,E:\LiveProject\Deep_Learning\logo-data-scraping-processing-main\logo-data-scraping-processing-main\Nescafe\000003.jpg,E:\LiveProject\Deep_Learning\logo-data-scraping-processing-main\logo-data-scraping-processing-main\Nescafe,Genuine
175,E:\LiveProject\Deep_Learning\logo-data-scraping-processing-main\logo-data-scraping-processing-main\Nescafe\000004.jpg,E:\LiveProject\Deep_Learning\logo-data-scraping-processing-main\logo-data-scraping-processing-main\Nescafe,Genuine
176,E:\LiveProject\Deep_Learning\logo-data-scraping-processing-main\logo-data-scraping-processing-main\Nescafe\000005.jpg,E:\LiveProject\Deep_Learning\logo-data-scraping-processing-main\logo-data-scraping-processing-main\Nescafe,Genuine
177,E:\LiveProject\Deep_Learning\logo-data-scraping-processing-main\logo-data-scraping-processing-main\Nestle\000001.jpg,E:\LiveProject\Deep_Learning\logo-data-scraping-processing-main\logo-data-scraping-processing-main\Nestle,Genuine
178,E:\LiveProject\Deep_Learning\logo-data-scraping-processing-main\logo-data-scraping-processing-main\Nestle\000002.jpg,E:\LiveProject\Deep_Learning\logo-data-scraping-processing-main\logo-data-scraping-processing-main\Nestle,Genuine
179,E:\LiveProject\Deep_Learning\logo-data-scraping-processing-main\logo-data-scraping-processing-main\Nestle\000003.jpg,E:\LiveProject\Deep_Learning\logo-data-scraping-processing-main\logo-data-scraping-processing-main\Nestle,Genuine
180,E:\LiveProject\Deep_Learning\logo-data-scraping-processing-main\logo-data-scraping-processing-main\Nestle\000005.jpg,E:\LiveProject\Deep_Learning\logo-data-scraping-processing-main\logo-data-scraping-processing-main\Nestle,Genuine
181,E:\LiveProject\Deep_Learning\logo-data-scraping-processing-main\logo-data-scraping-processing-main\Nestle milo\000001.jpg,E:\LiveProject\Deep_Learning\logo-data-scraping-processing-main\logo-data-scraping-processing-main\Nestle milo,Genuine
182,E:\LiveProject\Deep_Learning\logo-data-scraping-processing-main\logo-data-scraping-processing-main\Nestle milo\000002.jpg,E:\LiveProject\Deep_Learning\logo-data-scraping-processing-main\logo-data-scraping-processing-main\Nestle milo,Genuine
183,E:\LiveProject\Deep_Learning\logo-data-scraping-processing-main\logo-data-scraping-processing-main\Nestle milo\000003.jpg,E:\LiveProject\Deep_Learning\logo-data-scraping-processing-main\logo-data-scraping-processing-main\Nestle milo,Genuine
184,E:\LiveProject\Deep_Learning\logo-data-scraping-processing-main\logo-data-scraping-processing-main\Nestle milo\000004.jpg,E:\LiveProject\Deep_Learning\logo-data-scraping-processing-main\logo-data-scraping-processing-main\Nestle milo,Genuine
185,E:\LiveProject\Deep_Learning\logo-data-scraping-processing-main\logo-data-scraping-processing-main\Nestle milo\000005.jpg,E:\LiveProject\Deep_Learning\logo-data-scraping-processing-main\logo-data-scraping-processing-main\Nestle milo,Genuine
186,E:\LiveProject\Deep_Learning\logo-data-scraping-processing-main\logo-data-scraping-processing-main\Netflix\000001.jpg,E:\LiveProject\Deep_Learning\logo-data-scraping-processing-main\logo-data-scraping-processing-main\Netflix,Genuine
187,E:\LiveProject\Deep_Learning\logo-data-scraping-processing-main\logo-data-scraping-processing-main\Netflix\000003.jpg,E:\LiveProject\Deep_Learning\logo-data-scraping-processing-main\logo-data-scraping-processing-main\Netflix,Genuine
188,E:\LiveProject\Deep_Learning\logo-data-scraping-processing-main\logo-data-scraping-processing-main\Netflix\000004.jpg,E:\LiveProject\Deep_Learning\logo-data-scraping-processing-main\logo-data-scraping-processing-main\Netflix,Genuine
189,E:\LiveProject\Deep_Learning\logo-data-scraping-processing-main\logo-data-scraping-processing-main\Netflix\000005.jpg,E:\LiveProject\Deep_Learning\logo-data-scraping-processing-main\logo-data-scraping-processing-main\Netflix,Genuine
190,E:\LiveProject\Deep_Learning\logo-data-scraping-processing-main\logo-data-scraping-processing-main\Nike\000001.jpg,E:\LiveProject\Deep_Learning\logo-data-scraping-processing-main\logo-data-scraping-processing-main\Nike,Genuine
191,E:\LiveProject\Deep_Learning\logo-data-scraping-processing-main\logo-data-scraping-processing-main\Nike\000002.jpg,E:\LiveProject\Deep_Learning\logo-data-scraping-processing-main\logo-data-scraping-processing-main\Nike,Genuine
192,E:\LiveProject\Deep_Learning\logo-data-scraping-processing-main\logo-data-scraping-processing-main\Nike\000003.jpg,E:\LiveProject\Deep_Learning\logo-data-scraping-processing-main\logo-data-scraping-processing-main\Nike,Genuine
193,E:\LiveProject\Deep_Learning\logo-data-scraping-processing-main\logo-data-scraping-processing-main\Nike\000005.jpg,E:\LiveProject\Deep_Learning\logo-data-scraping-processing-main\logo-data-scraping-processing-main\Nike,Genuine
194,E:\LiveProject\Deep_Learning\logo-data-scraping-processing-main\logo-data-scraping-processing-main\Nutella\000001.jpg,E:\LiveProject\Deep_Learning\logo-data-scraping-processing-main\logo-data-scraping-processing-main\Nutella,Genuine
195,E:\LiveProject\Deep_Learning\logo-data-scraping-processing-main\logo-data-scraping-processing-main\Nutella\000002.jpg,E:\LiveProject\Deep_Learning\logo-data-scraping-processing-main\logo-data-scraping-processing-main\Nutella,Genuine
196,E:\LiveProject\Deep_Learning\logo-data-scraping-processing-main\logo-data-scraping-processing-main\Nutella\000003.jpg,E:\LiveProject\Deep_Learning\logo-data-scraping-processing-main\logo-data-scraping-processing-main\Nutella,Genuine
197,E:\LiveProject\Deep_Learning\logo-data-scraping-processing-main\logo-data-scraping-processing-main\Nutella\000004.jpg,E:\LiveProject\Deep_Learning\logo-data-scraping-processing-main\logo-data-scraping-processing-main\Nutella,Genuine
198,E:\LiveProject\Deep_Learning\logo-data-scraping-processing-main\logo-data-scraping-processing-main\Oral b\000001.jpg,E:\LiveProject\Deep_Learning\logo-data-scraping-processing-main\logo-data-scraping-processing-main\Oral b,Genuine
199,E:\LiveProject\Deep_Learning\logo-data-scraping-processing-main\logo-data-scraping-processing-main\Oral b\000002.jpg,E:\LiveProject\Deep_Learning\logo-data-scraping-processing-main\logo-data-scraping-processing-main\Oral b,Genuine
200,E:\LiveProject\Deep_Learning\logo-data-scraping-processing-main\logo-data-scraping-processing-main\Oral b\000003.jpg,E:\LiveProject\Deep_Learning\logo-data-scraping-processing-main\logo-data-scraping-processing-main\Oral b,Genuine
201,E:\LiveProject\Deep_Learning\logo-data-scraping-processing-main\logo-data-scraping-processing-main\Oral b\000004.jpg,E:\LiveProject\Deep_Learning\logo-data-scraping-processing-main\logo-data-scraping-processing-main\Oral b,Genuine
202,E:\LiveProject\Deep_Learning\logo-data-scraping-processing-main\logo-data-scraping-processing-main\Oral b\000005.jpg,E:\LiveProject\Deep_Learning\logo-data-scraping-processing-main\logo-data-scraping-processing-main\Oral b,Genuine
203,E:\LiveProject\Deep_Learning\logo-data-scraping-processing-main\logo-data-scraping-processing-main\Oreo\000001.jpg,E:\LiveProject\Deep_Learning\logo-data-scraping-processing-main\logo-data-scraping-processing-main\Oreo,Genuine
204,E:\LiveProject\Deep_Learning\logo-data-scraping-processing-main\logo-data-scraping-processing-main\Oreo\000002.jpg,E:\LiveProject\Deep_Learning\logo-data-scraping-processing-main\logo-data-scraping-processing-main\Oreo,Genuine
205,E:\LiveProject\Deep_Learning\logo-data-scraping-processing-main\logo-data-scraping-processing-main\Oreo\000003.jpg,E:\LiveProject\Deep_Learning\logo-data-scraping-processing-main\logo-data-scraping-processing-main\Oreo,Genuine
206,E:\LiveProject\Deep_Learning\logo-data-scraping-processing-main\logo-data-scraping-processing-main\Pay pal\000001.jpg,E:\LiveProject\Deep_Learning\logo-data-scraping-processing-main\logo-data-scraping-processing-main\Pay pal,Genuine
207,E:\LiveProject\Deep_Learning\logo-data-scraping-processing-main\logo-data-scraping-processing-main\Pay pal\000002.jpg,E:\LiveProject\Deep_Learning\logo-data-scraping-processing-main\logo-data-scraping-processing-main\Pay pal,Genuine
208,E:\LiveProject\Deep_Learning\logo-data-scraping-processing-main\logo-data-scraping-processing-main\Pay pal\000003.jpg,E:\LiveProject\Deep_Learning\logo-data-scraping-processing-main\logo-data-scraping-processing-main\Pay pal,Genuine
209,E:\LiveProject\Deep_Learning\logo-data-scraping-processing-main\logo-data-scraping-processing-main\Pay pal\000004.jpg,E:\LiveProject\Deep_Learning\logo-data-scraping-processing-main\logo-data-scraping-processing-main\Pay pal,Genuine
210,E:\LiveProject\Deep_Learning\logo-data-scraping-processing-main\logo-data-scraping-processing-main\Peak milk\000001.jpg,E:\LiveProject\Deep_Learning\logo-data-scraping-processing-main\logo-data-scraping-processing-main\Peak milk,Genuine
211,E:\LiveProject\Deep_Learning\logo-data-scraping-processing-main\logo-data-scraping-processing-main\Peak milk\000002.jpg,E:\LiveProject\Deep_Learning\logo-data-scraping-processing-main\logo-data-scraping-processing-main\Peak milk,Genuine
212,E:\LiveProject\Deep_Learning\logo-data-scraping-processing-main\logo-data-scraping-processing-main\Peak milk\000003.jpg,E:\LiveProject\Deep_Learning\logo-data-scraping-processing-main\logo-data-scraping-processing-main\Peak milk,Genuine
213,E:\LiveProject\Deep_Learning\logo-data-scraping-processing-main\logo-data-scraping-processing-main\Peak milk\000004.jpg,E:\LiveProject\Deep_Learning\logo-data-scraping-processing-main\logo-data-scraping-processing-main\Peak milk,Genuine
214,E:\LiveProject\Deep_Learning\logo-data-scraping-processing-main\logo-data-scraping-processing-main\Peak milk\000005.jpg,E:\LiveProject\Deep_Learning\logo-data-scraping-processing-main\logo-data-scraping-processing-main\Peak milk,Genuine
215,E:\LiveProject\Deep_Learning\logo-data-scraping-processing-main\logo-data-scraping-processing-main\Pepsi\000001.jpg,E:\LiveProject\Deep_Learning\logo-data-scraping-processing-main\logo-data-scraping-processing-main\Pepsi,Genuine
216,E:\LiveProject\Deep_Learning\logo-data-scraping-processing-main\logo-data-scraping-processing-main\Pepsi\000002.jpg,E:\LiveProject\Deep_Learning\logo-data-scraping-processing-main\logo-data-scraping-processing-main\Pepsi,Genuine
217,E:\LiveProject\Deep_Learning\logo-data-scraping-processing-main\logo-data-scraping-processing-main\Pepsi\000004.jpg,E:\LiveProject\Deep_Learning\logo-data-scraping-processing-main\logo-data-scraping-processing-main\Pepsi,Genuine
218,E:\LiveProject\Deep_Learning\logo-data-scraping-processing-main\logo-data-scraping-processing-main\Pepsi\000005.jpg,E:\LiveProject\Deep_Learning\logo-data-scraping-processing-main\logo-data-scraping-processing-main\Pepsi,Genuine
219,E:\LiveProject\Deep_Learning\logo-data-scraping-processing-main\logo-data-scraping-processing-main\PlayStation\000001.jpg,E:\LiveProject\Deep_Learning\logo-data-scraping-processing-main\logo-data-scraping-processing-main\PlayStation,Genuine
220,E:\LiveProject\Deep_Learning\logo-data-scraping-processing-main\logo-data-scraping-processing-main\PlayStation\000002.jpg,E:\LiveProject\Deep_Learning\logo-data-scraping-processing-main\logo-data-scraping-processing-main\PlayStation,Genuine
221,E:\LiveProject\Deep_Learning\logo-data-scraping-processing-main\logo-data-scraping-processing-main\PlayStation\000003.jpg,E:\LiveProject\Deep_Learning\logo-data-scraping-processing-main\logo-data-scraping-processing-main\PlayStation,Genuine
222,E:\LiveProject\Deep_Learning\logo-data-scraping-processing-main\logo-data-scraping-processing-main\PlayStation\000004.jpg,E:\LiveProject\Deep_Learning\logo-data-scraping-processing-main\logo-data-scraping-processing-main\PlayStation,Genuine
223,E:\LiveProject\Deep_Learning\logo-data-scraping-processing-main\logo-data-scraping-processing-main\PlayStation\000005.jpg,E:\LiveProject\Deep_Learning\logo-data-scraping-processing-main\logo-data-scraping-processing-main\PlayStation,Genuine
224,E:\LiveProject\Deep_Learning\logo-data-scraping-processing-main\logo-data-scraping-processing-main\Pringles\000001.jpg,E:\LiveProject\Deep_Learning\logo-data-scraping-processing-main\logo-data-scraping-processing-main\Pringles,Genuine
225,E:\LiveProject\Deep_Learning\logo-data-scraping-processing-main\logo-data-scraping-processing-main\Pringles\000003.jpg,E:\LiveProject\Deep_Learning\logo-data-scraping-processing-main\logo-data-scraping-processing-main\Pringles,Genuine
226,E:\LiveProject\Deep_Learning\logo-data-scraping-processing-main\logo-data-scraping-processing-main\Pringles\000004.jpg,E:\LiveProject\Deep_Learning\logo-data-scraping-processing-main\logo-data-scraping-processing-main\Pringles,Genuine
227,E:\LiveProject\Deep_Learning\logo-data-scraping-processing-main\logo-data-scraping-processing-main\Pringles\000005.jpg,E:\LiveProject\Deep_Learning\logo-data-scraping-processing-main\logo-data-scraping-processing-main\Pringles,Genuine
228,E:\LiveProject\Deep_Learning\logo-data-scraping-processing-main\logo-data-scraping-processing-main\Puma\000001.jpg,E:\LiveProject\Deep_Learning\logo-data-scraping-processing-main\logo-data-scraping-processing-main\Puma,Genuine
229,E:\LiveProject\Deep_Learning\logo-data-scraping-processing-main\logo-data-scraping-processing-main\Puma\000002.jpg,E:\LiveProject\Deep_Learning\logo-data-scraping-processing-main\logo-data-scraping-processing-main\Puma,Genuine
230,E:\LiveProject\Deep_Learning\logo-data-scraping-processing-main\logo-data-scraping-processing-main\Puma\000005.jpg,E:\LiveProject\Deep_Learning\logo-data-scraping-processing-main\logo-data-scraping-processing-main\Puma,Genuine
231,E:\LiveProject\Deep_Learning\logo-data-scraping-processing-main\logo-data-scraping-processing-main\Reebok\000002.jpg,E:\LiveProject\Deep_Learning\logo-data-scraping-processing-main\logo-data-scraping-processing-main\Reebok,Genuine
232,E:\LiveProject\Deep_Learning\logo-data-scraping-processing-main\logo-data-scraping-processing-main\Reebok\000003.jpg,E:\LiveProject\Deep_Learning\logo-data-scraping-processing-main\logo-data-scraping-processing-main\Reebok,Genuine
233,E:\LiveProject\Deep_Learning\logo-data-scraping-processing-main\logo-data-scraping-processing-main\Reebok\000004.jpg,E:\LiveProject\Deep_Learning\logo-data-scraping-processing-main\logo-data-scraping-processing-main\Reebok,Genuine
234,E:\LiveProject\Deep_Learning\logo-data-scraping-processing-main\logo-data-scraping-processing-main\Reebok\000005.jpg,E:\LiveProject\Deep_Learning\logo-data-scraping-processing-main\logo-data-scraping-processing-main\Reebok,Genuine
235,E:\LiveProject\Deep_Learning\logo-data-scraping-processing-main\logo-data-scraping-processing-main\Rolex\000001.jpg,E:\LiveProject\Deep_Learning\logo-data-scraping-processing-main\logo-data-scraping-processing-main\Rolex,Genuine
236,E:\LiveProject\Deep_Learning\logo-data-scraping-processing-main\logo-data-scraping-processing-main\Rolex\000002.jpg,E:\LiveProject\Deep_Learning\logo-data-scraping-processing-main\logo-data-scraping-processing-main\Rolex,Genuine
237,E:\LiveProject\Deep_Learning\logo-data-scraping-processing-main\logo-data-scraping-processing-main\Rolex\000003.jpg,E:\LiveProject\Deep_Learning\logo-data-scraping-processing-main\logo-data-scraping-processing-main\Rolex,Genuine
238,E:\LiveProject\Deep_Learning\logo-data-scraping-processing-main\logo-data-scraping-processing-main\Rolex\000004.jpg,E:\LiveProject\Deep_Learning\logo-data-scraping-processing-main\logo-data-scraping-processing-main\Rolex,Genuine
239,E:\LiveProject\Deep_Learning\logo-data-scraping-processing-main\logo-data-scraping-processing-main\Samsung\000001.jpg,E:\LiveProject\Deep_Learning\logo-data-scraping-processing-main\logo-data-scraping-processing-main\Samsung,Genuine
240,E:\LiveProject\Deep_Learning\logo-data-scraping-processing-main\logo-data-scraping-processing-main\Samsung\000002.jpg,E:\LiveProject\Deep_Learning\logo-data-scraping-processing-main\logo-data-scraping-processing-main\Samsung,Genuine
241,E:\LiveProject\Deep_Learning\logo-data-scraping-processing-main\logo-data-scraping-processing-main\Samsung\000004.jpg,E:\LiveProject\Deep_Learning\logo-data-scraping-processing-main\logo-data-scraping-processing-main\Samsung,Genuine
242,E:\LiveProject\Deep_Learning\logo-data-scraping-processing-main\logo-data-scraping-processing-main\Samsung\000005.jpg,E:\LiveProject\Deep_Learning\logo-data-scraping-processing-main\logo-data-scraping-processing-main\Samsung,Genuine
243,E:\LiveProject\Deep_Learning\logo-data-scraping-processing-main\logo-data-scraping-processing-main\Sprite\000001.jpg,E:\LiveProject\Deep_Learning\logo-data-scraping-processing-main\logo-data-scraping-processing-main\Sprite,Genuine
244,E:\LiveProject\Deep_Learning\logo-data-scraping-processing-main\logo-data-scraping-processing-main\Sprite\000002.jpg,E:\LiveProject\Deep_Learning\logo-data-scraping-processing-main\logo-data-scraping-processing-main\Sprite,Genuine
245,E:\LiveProject\Deep_Learning\logo-data-scraping-processing-main\logo-data-scraping-processing-main\Sprite\000003.jpg,E:\LiveProject\Deep_Learning\logo-data-scraping-processing-main\logo-data-scraping-processing-main\Sprite,Genuine
246,E:\LiveProject\Deep_Learning\logo-data-scraping-processing-main\logo-data-scraping-processing-main\Sprite\000004.jpg,E:\LiveProject\Deep_Learning\logo-data-scraping-processing-main\logo-data-scraping-processing-main\Sprite,Genuine
247,E:\LiveProject\Deep_Learning\logo-data-scraping-processing-main\logo-data-scraping-processing-main\Sprite\000005.jpg,E:\LiveProject\Deep_Learning\logo-data-scraping-processing-main\logo-data-scraping-processing-main\Sprite,Genuine
248,E:\LiveProject\Deep_Learning\logo-data-scraping-processing-main\logo-data-scraping-processing-main\Starbucks\000001.jpg,E:\LiveProject\Deep_Learning\logo-data-scraping-processing-main\logo-data-scraping-processing-main\Starbucks,Genuine
249,E:\LiveProject\Deep_Learning\logo-data-scraping-processing-main\logo-data-scraping-processing-main\Starbucks\000002.jpg,E:\LiveProject\Deep_Learning\logo-data-scraping-processing-main\logo-data-scraping-processing-main\Starbucks,Genuine
250,E:\LiveProject\Deep_Learning\logo-data-scraping-processing-main\logo-data-scraping-processing-main\Starbucks\000003.jpg,E:\LiveProject\Deep_Learning\logo-data-scraping-processing-main\logo-data-scraping-processing-main\Starbucks,Genuine
251,E:\LiveProject\Deep_Learning\logo-data-scraping-processing-main\logo-data-scraping-processing-main\Starbucks\000004.jpg,E:\LiveProject\Deep_Learning\logo-data-scraping-processing-main\logo-data-scraping-processing-main\Starbucks,Genuine
252,E:\LiveProject\Deep_Learning\logo-data-scraping-processing-main\logo-data-scraping-processing-main\Tesla\000001.jpg,E:\LiveProject\Deep_Learning\logo-data-scraping-processing-main\logo-data-scraping-processing-main\Tesla,Genuine
253,E:\LiveProject\Deep_Learning\logo-data-scraping-processing-main\logo-data-scraping-processing-main\Tesla\000002.jpg,E:\LiveProject\Deep_Learning\logo-data-scraping-processing-main\logo-data-scraping-processing-main\Tesla,Genuine
254,E:\LiveProject\Deep_Learning\logo-data-scraping-processing-main\logo-data-scraping-processing-main\Tesla\000003.jpg,E:\LiveProject\Deep_Learning\logo-data-scraping-processing-main\logo-data-scraping-processing-main\Tesla,Genuine
255,E:\LiveProject\Deep_Learning\logo-data-scraping-processing-main\logo-data-scraping-processing-main\Tesla\000004.jpg,E:\LiveProject\Deep_Learning\logo-data-scraping-processing-main\logo-data-scraping-processing-main\Tesla,Genuine
256,E:\LiveProject\Deep_Learning\logo-data-scraping-processing-main\logo-data-scraping-processing-main\Tesla\000005.jpg,E:\LiveProject\Deep_Learning\logo-data-scraping-processing-main\logo-data-scraping-processing-main\Tesla,Genuine
257,E:\LiveProject\Deep_Learning\logo-data-scraping-processing-main\logo-data-scraping-processing-main\Tiktok\000001.jpg,E:\LiveProject\Deep_Learning\logo-data-scraping-processing-main\logo-data-scraping-processing-main\Tiktok,Genuine
258,E:\LiveProject\Deep_Learning\logo-data-scraping-processing-main\logo-data-scraping-processing-main\Tiktok\000002.jpg,E:\LiveProject\Deep_Learning\logo-data-scraping-processing-main\logo-data-scraping-processing-main\Tiktok,Genuine
259,E:\LiveProject\Deep_Learning\logo-data-scraping-processing-main\logo-data-scraping-processing-main\Tiktok\000004.jpg,E:\LiveProject\Deep_Learning\logo-data-scraping-processing-main\logo-data-scraping-processing-main\Tiktok,Genuine
260,E:\LiveProject\Deep_Learning\logo-data-scraping-processing-main\logo-data-scraping-processing-main\Tiktok\000005.jpg,E:\LiveProject\Deep_Learning\logo-data-scraping-processing-main\logo-data-scraping-processing-main\Tiktok,Genuine
261,E:\LiveProject\Deep_Learning\logo-data-scraping-processing-main\logo-data-scraping-processing-main\Twitter\000001.jpg,E:\LiveProject\Deep_Learning\logo-data-scraping-processing-main\logo-data-scraping-processing-main\Twitter,Genuine
262,E:\LiveProject\Deep_Learning\logo-data-scraping-processing-main\logo-data-scraping-processing-main\Twitter\000002.jpg,E:\LiveProject\Deep_Learning\logo-data-scraping-processing-main\logo-data-scraping-processing-main\Twitter,Genuine
263,E:\LiveProject\Deep_Learning\logo-data-scraping-processing-main\logo-data-scraping-processing-main\Twitter\000003.jpg,E:\LiveProject\Deep_Learning\logo-data-scraping-processing-main\logo-data-scraping-processing-main\Twitter,Genuine
264,E:\LiveProject\Deep_Learning\logo-data-scraping-processing-main\logo-data-scraping-processing-main\Twitter\000004.jpg,E:\LiveProject\Deep_Learning\logo-data-scraping-processing-main\logo-data-scraping-processing-main\Twitter,Genuine
265,E:\LiveProject\Deep_Learning\logo-data-scraping-processing-main\logo-data-scraping-processing-main\Twitter\000005.jpg,E:\LiveProject\Deep_Learning\logo-data-scraping-processing-main\logo-data-scraping-processing-main\Twitter,Genuine
266,E:\LiveProject\Deep_Learning\logo-data-scraping-processing-main\logo-data-scraping-processing-main\YouTube\000001.jpg,E:\LiveProject\Deep_Learning\logo-data-scraping-processing-main\logo-data-scraping-processing-main\YouTube,Genuine
267,E:\LiveProject\Deep_Learning\logo-data-scraping-processing-main\logo-data-scraping-processing-main\YouTube\000002.jpg,E:\LiveProject\Deep_Learning\logo-data-scraping-processing-main\logo-data-scraping-processing-main\YouTube,Genuine
268,E:\LiveProject\Deep_Learning\logo-data-scraping-processing-main\logo-data-scraping-processing-main\YouTube\000003.jpg,E:\LiveProject\Deep_Learning\logo-data-scraping-processing-main\logo-data-scraping-processing-main\YouTube,Genuine
269,E:\LiveProject\Deep_Learning\logo-data-scraping-processing-main\logo-data-scraping-processing-main\YouTube\000004.jpg,E:\LiveProject\Deep_Learning\logo-data-scraping-processing-main\logo-data-scraping-processing-main\YouTube,Genuine
270,E:\LiveProject\Deep_Learning\logo-data-scraping-processing-main\logo-data-scraping-processing-main\YouTube\000005.jpg,E:\LiveProject\Deep_Learning\logo-data-scraping-processing-main\logo-data-scraping-processing-main\YouTube,Genuine
271,E:\LiveProject\Deep_Learning\logo-data-scraping-processing-main\logo-data-scraping-processing-main\Zara\000001.jpg,E:\LiveProject\Deep_Learning\logo-data-scraping-processing-main\logo-data-scraping-processing-main\Zara,Genuine
272,E:\LiveProject\Deep_Learning\logo-data-scraping-processing-main\logo-data-scraping-processing-main\Zara\000002.jpg,E:\LiveProject\Deep_Learning\logo-data-scraping-processing-main\logo-data-scraping-processing-main\Zara,Genuine
273,E:\LiveProject\Deep_Learning\logo-data-scraping-processing-main\logo-data-scraping-processing-main\Zara\000003.jpg,E:\LiveProject\Deep_Learning\logo-data-scraping-processing-main\logo-data-scraping-processing-main\Zara,Genuine
274,E:\LiveProject\Deep_Learning\logo-data-scraping-processing-main\logo-data-scraping-processing-main\Zara\000005.jpg,E:\LiveProject\Deep_Learning\logo-data-scraping-processing-main\logo-data-scraping-processing-main\Zara,Genuine
